{"cameraMode":{"drawMode":0,"name":"Shaded","section":"Shading Mode"},"sceneLighting":false,"audioPlay":false,"sceneViewState":{"showFog":true,"showMaterialUpdate":false,"showSkybox":true,"showFlares":true,"showImageEffects":true,"showParticleSystems":true},"in2DMode":false,"pivot":{"x":0.7721734046936035,"y":7.681918144226074,"z":2.7178688049316408},"rotation":{"x":0.06176932156085968,"y":0.008383320644497872,"z":-0.0005193498218432069,"w":0.9980551600456238},"size":20.756019592285158,"orthographic":false}