{"cameraMode":{"drawMode":0,"name":"Shaded","section":"Shading Mode"},"sceneLighting":true,"audioPlay":false,"sceneViewState":{"showFog":true,"showMaterialUpdate":false,"showSkybox":true,"showFlares":true,"showImageEffects":true,"showParticleSystems":true},"in2DMode":false,"pivot":{"x":9.411808967590332,"y":-0.1399998664855957,"z":-9.379999160766602},"rotation":{"x":-0.06546205282211304,"y":-0.15500783920288087,"z":0.010296189226210118,"w":-0.9856882691383362},"size":14.014850616455079,"orthographic":true}