{"cameraMode":{"drawMode":0,"name":"Shaded","section":"Shading Mode"},"sceneLighting":false,"audioPlay":false,"sceneViewState":{"showFog":true,"showMaterialUpdate":false,"showSkybox":true,"showFlares":true,"showImageEffects":true,"showParticleSystems":true},"in2DMode":false,"pivot":{"x":368.8212890625,"y":29.691162109375,"z":-147.2113494873047},"rotation":{"x":0.36843806505203249,"y":-0.10342970490455628,"z":0.04128822311758995,"w":0.9229577779769898},"size":52.39976501464844,"orthographic":false}